1,1,一步滩
2,2,一间堡
3,3,一面坡
4,4,一面山
5,5,七台河
6,6,七甸
7,7,七苏木
8,8,七营
9,9,七龙星
10,10,万乐
11,11,万发屯
12,12,万宁
13,13,万州
14,14,万年
15,15,万庄
16,16,万源
17,17,三义井
18,18,三井子
19,19,三亚
20,20,三元坝
21,21,三关口
22,22,三十家
23,23,三十里堡
24,24,三原
25,25,三合庄
26,26,三堂集
27,27,三家子
28,28,三家寨
29,29,三家店
30,30,三把火
31,31,三明北
32,32,三水
33,32,三水北
34,32,三水南
35,33,三汇镇
36,34,三江
37,35,三江南
38,36,三江县
39,37,三江口
40,38,三河县
41,39,三源浦
42,40,三穗
43,41,三花石
44,42,三营
45,43,三道湖
46,44,三道营
47,45,三都县
48,46,三门县
49,47,三门峡
50,47,三门峡西
51,48,三间房
52,49,三阳川
53,50,上万
54,51,上园
55,52,上店
56,53,上普雄
57,54,上板城
58,54,上板城南
59,55,上海
60,55,上海南
61,55,上海虹桥
62,55,上海西
63,56,上腰墩
64,57,上虞
65,57,上虞北
66,58,上西铺
67,59,上谷
68,60,上饶
69,61,上高镇
70,62,下台子
71,63,下坑子
72,64,下城子
73,65,下普雄
74,66,下板城
75,67,下社
76,68,下花园
77,69,下马塘
78,70,东丰
79,71,东乡
80,72,东二道河
81,73,东京城
82,74,东元庆
83,75,东光
84,76,东兴
85,77,东升
86,78,东南营子
87,79,东台
88,80,东坡
89,81,东大坝
90,82,东安东
91,83,东富
92,84,东庄
93,85,东戴河
94,86,东方
95,87,东方红
96,88,东明县
97,89,东明村
98,90,东来
99,91,东沟门
100,92,东津
101,93,东海
102,94,东海县
103,95,东淤地
104,96,东港北
105,97,东湾
106,98,东田良
107,99,东胜西
108,100,东至
109,101,东莞
110,101,东莞东
111,102,东营南
112,103,东营子
113,104,东辛庄
114,105,东边井
115,106,东通化
116,107,东镇
117,108,两家
118,109,两当
119,110,中兴
120,111,中卫
121,112,中台子
122,113,中和
123,114,中嘴
124,115,中宁
125,115,中宁东
126,115,中宁南
127,116,中寨
128,117,中山
129,117,中山北
130,118,中川机场
131,119,丰乐镇
132,120,丰城
133,120,丰城南
134,121,丰广
135,122,丰水村
136,123,丰都
137,124,丰镇
138,125,丰顺
139,126,串子沟
140,127,临城
141,128,临江场
142,129,临江溪
143,130,临汾
144,130,临汾西
145,131,临沂
146,131,临沂北
147,132,临河
148,133,临泽
149,133,临泽南
150,134,临海
151,135,临清
152,136,临湘
153,137,临西
154,138,临颍
155,139,临高南
156,140,丹东
157,140,丹东西
158,141,丹凤
159,142,丹徒
160,143,丹阳
161,143,丹阳北
162,144,丹霞山
163,145,丽水
164,146,丽江
165,147,乃林
166,148,义乌
167,149,义县
168,150,义马
169,151,乌伊岭
170,152,乌兰
171,153,乌兰哈达
172,154,乌兰浩特
173,155,乌兰胡同
174,156,乌兰花
175,157,乌固诺尔
176,158,乌奴耳
177,159,乌尔旗汗
178,160,乌拉山
179,161,乌拉特前旗
180,162,乌海
181,162,乌海北
182,162,乌海西
183,163,乌西
184,164,乌鲁布铁
185,165,乌鲁木齐
186,165,乌鲁木齐南
187,166,乌龙泉南
188,167,乐东
189,168,乐善村
190,169,乐山
191,169,乐山北
192,170,乐平市
193,171,乐昌
194,172,乐武
195,173,乐清
196,174,乐跃
197,175,乐都
198,175,乐都南
199,176,九三
200,177,九台
201,177,九台南
202,178,九江
203,179,九营
204,180,九龙
205,181,九龙塘
206,182,乳山
207,183,乾县
208,184,乾安
209,185,二井
210,186,二岔
211,187,二营
212,188,二连
213,189,二道桥
214,190,二道沟
215,191,二道沟门
216,192,二道湾
217,193,二龙
218,194,二龙屯
219,195,二龙山屯
220,196,于家堡
221,197,于都
222,198,云东海
223,199,云居寺
224,200,云山
225,201,云彩岭
226,202,云梦
227,203,云浮东
228,204,云霄
229,205,互助
230,206,五十家子
231,207,五原
232,208,五叉沟
233,209,五台山
234,210,五大连池
235,211,五女山
236,212,五家
237,213,五寨
238,214,五常
239,215,五府山
240,216,五林
241,217,五棵树
242,218,五莲
243,219,五营
244,220,五道沟
245,221,五道河
246,222,五龙背
247,222,五龙背东
248,223,井冈山
249,224,井南
250,225,井店
251,226,井陉
252,227,亚复
253,228,亚布力
254,228,亚布力南
255,229,亚沟
256,230,亚河
257,231,亚龙湾
258,232,交城
259,233,京山
260,234,亭亮
261,235,亳州
262,236,什里店
263,237,仁布
264,238,介休
265,238,介休东
266,239,从江
267,240,仙人桥
268,241,仙林
269,242,仙桃西
270,243,仙游
271,244,代县
272,245,代湾
273,246,仲恺
274,247,任丘
275,248,任家店
276,249,伊和恩格拉
277,250,伊图里河
278,251,伊宁
279,251,伊宁东
280,252,伊拉哈
281,253,伊敏
282,254,伊春
283,255,会同
284,256,会昌北
285,257,低庄
286,258,低窝铺
287,259,余姚
288,259,余姚北
289,260,余杭
290,261,余江
291,262,余粮堡
292,263,佛山
293,264,佛岭
294,265,佟家
295,266,佳木斯
296,267,依安
297,268,侯马
298,268,侯马西
299,269,保健
300,270,保定
301,270,保定东
302,271,保家楼
303,272,保康
304,273,俞冲
305,274,信丰
306,275,信宜
307,276,信阳
308,276,信阳东
309,277,修武
310,277,修武西
311,278,倭肯
312,279,偃师
313,280,偏岭
314,281,元宝山
315,282,元氏
316,283,元田坝
317,284,元谋
318,285,光山
319,286,光明
320,287,光明城
321,288,光泽
322,289,克一河
323,290,克东
324,291,克山
325,292,克拉玛依
326,293,免渡河
327,294,兑镇
328,295,兖州
329,296,全州南
330,297,全椒
331,298,八仙筒
332,299,八方
333,300,八苏木
334,301,八虎力
335,302,八角台
336,303,八面城
337,304,八面通
338,305,公主埂
339,306,公主岭
340,306,公主岭南
341,307,公庙子
342,308,公积坂
343,309,公营子
344,310,六合镇
345,311,六地沟
346,312,六安
347,313,六枝
348,314,六盘山
349,315,六盘水
350,316,六道河
351,317,六道河子
352,318,兰家屯
353,319,兰岗
354,320,兰岭
355,321,兰州
356,321,兰州东
357,322,兰州新区
358,321,兰州西
359,323,兰棱
360,324,兰溪
361,325,兰考
362,326,兰陵北
363,327,共和
364,328,共青城
365,329,关寨
366,330,关村坝
367,331,关林
368,332,兴义
369,333,兴凯
370,334,兴和
371,334,兴和西
372,335,兴国
373,336,兴城
374,337,兴宁
375,338,兴安北
376,339,兴安岭
377,340,兴平
378,341,兴泉堡
379,342,兴福
380,343,兴莲
381,344,兴隆县
382,345,兴隆店
383,346,兴隆镇
384,347,内乡
385,348,内江
386,348,内江北
387,348,内江南
388,349,册亨
389,350,冕宁
390,351,冕山
391,352,军粮城北
392,353,农安
393,354,冠豸山
394,355,冯家山
395,356,冯屯
396,357,冷水江东
397,358,准沙日乌苏
398,359,凉红
399,360,凌海
400,361,凌源
401,361,凌源东
402,362,凤凰城
403,363,凤凰机场
404,364,凤县
405,365,凤城东
406,366,凤州
407,367,凤翔
408,368,凭祥
409,369,凯北
410,370,凯里
411,370,凯里南
412,370,凯里西
413,371,刀尔登
414,372,刁家段
415,373,分宜
416,374,刘家店
417,375,刘家河
418,376,刘沟
419,377,利川
420,378,到保
421,379,前山
422,380,前磨头
423,381,前窑
424,382,前苇塘
425,383,前进镇
426,384,前锋
427,385,加劳
428,386,加南
429,387,加格达奇
430,388,励家
431,389,劲松
432,390,劳动屯
433,391,勃利
434,392,勉县
435,393,包头
436,393,包头东
437,393,包头北
438,393,包头西
439,394,化处
440,395,化州
441,396,化德
442,397,北井子
443,398,北京
444,398,北京东
445,398,北京北
446,398,北京南
447,398,北京西
448,399,北兴安
449,400,北台子
450,401,北宅
451,402,北安
452,403,北屯
453,404,北屯市
454,405,北岗
455,406,北戴河
456,407,北板桥
457,408,北流
458,409,北海
459,410,北滘
460,411,北碚
461,412,北磴
462,413,北票南
463,414,北马圈子
464,415,十八台
465,416,十堰
466,417,十渡
467,418,十里坪
468,419,千河
469,420,千阳
470,421,升昌
471,422,午汲
472,423,半截河
473,424,华城
474,425,华山
475,425,华山北
476,426,华蓥
477,427,卓资东
478,428,卓资山
479,429,南丰
480,430,南丹
481,431,南京
482,431,南京南
483,432,南仇
484,433,南充
485,433,南充北
486,434,南兴安
487,435,南华
488,436,南博山
489,437,南口
490,438,南口前
491,439,南召
492,440,南城
493,441,南城司
494,442,南大庙
495,443,南头
496,444,南宁
497,444,南宁东
498,444,南宁西
499,445,南宫东
500,446,南尔岗
501,447,南岔
502,448,南峪
503,449,南平北
504,449,南平南
505,450,南昌
506,450,南昌西
507,451,南曹
508,452,南朗
509,453,南木
510,454,南杂木
511,455,南桥
512,456,南江
513,457,南江口
514,458,南汤
515,459,南河川
516,460,南洼
517,461,南湖东
518,462,南湾子
519,463,南翔北
520,464,南芬
521,464,南芬北
522,465,南观村
523,466,南通
524,467,南部
525,468,南阳
526,469,南阳寨
527,470,南陈铺
528,471,南陵
529,472,南雄
530,473,南靖
531,474,博乐
532,475,博克图
533,476,博白
534,477,博鳌
535,478,卡伦
536,479,卢龙
537,480,卧里屯
538,481,卫星
539,482,卫辉
540,483,即墨北
541,484,原平
542,485,原林
543,486,厦门
544,486,厦门北
545,487,友好
546,488,双丰
547,489,双凤驿
548,490,双城北
549,491,双城堡
550,492,双子河
551,493,双峰北
552,494,双柳
553,495,双河镇
554,496,双泡子
555,497,双流机场
556,498,双流西
557,499,双牌
558,500,双石桥
559,501,双辽
560,502,双鸭山
561,503,双龙山
562,504,发耳
563,505,口前
564,506,古东
565,507,古交
566,508,古城
567,509,古城子
568,510,古城镇
569,511,古家沱
570,512,古浪
571,513,古源
572,514,古田
573,515,古田会址
574,514,古田北
575,516,古莲
576,517,古镇
577,518,古鲁满汗
578,519,句容西
579,520,台前
580,521,台安
581,522,台州
582,523,史家铺
583,524,叶城
584,525,叶柏寿
585,526,司家岭
586,527,合川
587,528,合浦
588,529,合肥
589,529,合肥北城
590,529,合肥南
591,530,合阳北
592,531,吉安
593,532,吉文
594,533,吉新河
595,534,吉林
596,535,吉舒
597,536,吉首
598,537,同心
599,538,同江
600,539,后寨
601,540,吐列毛杜
602,541,吐哈
603,542,吐鲁番
604,542,吐鲁番北
605,543,向塘
606,544,向阳
607,545,向阳川
608,546,吕梁
609,547,吴堡
610,548,吴官田
611,549,吴家屯
612,550,吴家川
613,551,吴桥
614,552,周口
615,553,周家
616,554,周家屯
617,555,呼兰
618,556,呼和浩特
619,556,呼和浩特东
620,557,呼鲁斯太
621,558,和什托洛盖
622,559,和平
623,560,和田
624,561,和硕
625,562,和龙
626,563,咸宁
627,563,咸宁东
628,563,咸宁北
629,563,咸宁南
630,564,咸阳
631,565,哈业胡同
632,566,哈克
633,567,哈力图
634,568,哈密
635,569,哈尔巴岭
636,570,哈尔滨
637,570,哈尔滨北
638,570,哈尔滨西
639,571,哈拉苏
640,572,哈日努拉
641,573,哈达
642,574,哈达阳
643,575,哲里木
644,576,唐家湾
645,577,唐山
646,577,唐山北
647,578,唐河
648,579,商丘
649,579,商丘南
650,580,商南
651,581,商城
652,582,商河
653,583,商洛
654,584,商都
655,585,喀什
656,586,喀喇其
657,587,喇嘛山
658,588,喜德
659,589,嘉兴
660,589,嘉兴南
661,590,嘉善
662,590,嘉善南
663,591,嘉峪关
664,592,嘉峪关南
665,593,嘉峰
666,594,嘉祥
667,595,嘎什吐
668,596,嘎什甸子
669,597,嘎拉德斯汰
670,598,四会
671,599,四分地
672,600,四分滩
673,601,四合
674,602,四合永
675,603,四家子
676,604,四平
677,604,四平东
678,605,四方台
679,606,四道湾
680,607,四马架
681,608,团结
682,609,园墩
683,610,固原
684,611,固始
685,612,固镇
686,613,图们
687,613,图们北
688,614,图强
689,615,图里河
690,616,土们岭
691,617,土地堂东
692,618,土桥子
693,619,土溪
694,620,土牧尔台
695,621,土贵乌拉
696,622,土门子
697,623,圣浪
698,624,坝梁
699,625,坡底下
700,626,坪上
701,627,坪石
702,628,埃岱
703,629,城固
704,630,城子坦
705,631,堡子湾
706,632,塔哈
707,633,塔尔根
708,634,塔尔气
709,635,塔崖驿
710,636,塔河
711,637,塔源
712,638,塘沽
713,639,塘豹
714,640,墨玉
715,641,夏坝
716,642,夏官营
717,643,夏拉哈马
718,644,夏石
719,645,夏邑县
720,646,大东
721,647,大乌苏
722,648,大余
723,649,大关
724,650,大兴
725,651,大兴沟
726,652,大其拉哈
727,653,大冶北
728,654,大口钦
729,655,大同
730,656,大坝
731,657,大埔
732,658,大堡
733,659,大孤山
734,660,大安北
735,661,大官屯
736,662,大屯
737,663,大山铺
738,664,大巴
739,665,大平房
740,666,大庆
741,666,大庆东
742,666,大庆西
743,667,大徐屯
744,668,大成
745,669,大战场
746,670,大扬气
747,671,大旺
748,672,大杖子
749,673,大杨树
750,674,大杨树东
751,675,大板
752,676,大林
753,677,大武口
754,678,大民屯
755,679,大河坝
756,680,大涧
757,681,大湾子
758,682,大灰厂
759,683,大理
760,684,大田边
761,685,大盘石
762,686,大石头
763,687,大石寨
764,688,大石桥
765,689,大磴沟
766,690,大竹园
767,691,大红旗
768,692,大英东
769,693,大苴
770,694,大营
771,695,大营镇
772,696,大虎山
773,697,大西
774,698,大足
775,698,大足南
776,699,大辛庄
777,700,大连
778,700,大连北
779,701,大通西
780,702,大陆号
781,703,大雁
782,704,大雅河
783,705,大青沟
784,706,天义
785,707,天岗
786,708,天柱山
787,709,天桥
788,710,天桥岭
789,711,天水
790,712,天津
791,712,天津南
792,712,天津西
793,713,天祝
794,714,天西
795,715,天镇
796,716,天门
797,717,天门南
798,718,太原
799,718,太原东
800,718,太原南
801,719,太姥山
802,720,太平川
803,721,太平庄
804,722,太平镇
805,723,太湖
806,724,太白
807,725,太谷
808,725,太谷西
809,726,太阳升
810,727,太阳山
811,728,太阳沟
812,729,头道桥
813,730,奇峰塔
814,731,奈曼
815,732,奉化
816,733,奎屯
817,734,奎山
818,735,女儿河
819,736,好鲁库
820,737,如东
821,738,如皋
822,739,始兴
823,740,姑家堡
824,741,姚千户屯
825,742,姚安
826,743,姚家
827,744,姜堰
828,745,姜家
829,746,威宁
830,747,威岭
831,748,威海
832,749,威箐
833,750,威舍
834,751,娄山关
835,752,娄底
836,752,娄底南
837,753,娘娘庙
838,754,娘子关
839,755,婺源
840,756,嫩江
841,757,子洲
842,758,子长
843,759,孔垄
844,760,孔家沟
845,761,孔庄
846,762,孔滩
847,763,孙吴
848,764,孙家
849,765,孙镇
850,766,孝南
851,767,孝感
852,767,孝感北
853,768,孝西
854,769,孟家岗
855,770,孟庄
856,771,孟津
857,772,孤山
858,773,孤山口
859,774,孤山子
860,775,学庄
861,776,宁东
862,776,宁东南
863,777,宁乡
864,778,宁国
865,779,宁安
866,780,宁德
867,781,宁明
868,782,宁武
869,783,宁波
870,784,宁海
871,785,宁陵县
872,786,宇宙地
873,787,安亭北
874,788,安仁
875,789,安化
876,790,安口窑
877,791,安图
878,791,安图西
879,792,安塘
880,793,安多
881,794,安定
882,795,安家
883,796,安富镇
884,797,安平
885,798,安广
886,799,安庆
887,800,安庆沟
888,799,安庆西
889,801,安康
890,802,安德
891,803,安达
892,804,安阳
893,804,安阳东
894,805,安陆
895,806,安顺
896,807,安龙
897,808,宋
898,809,宋城路
899,810,完工
900,811,宏庆
901,812,官厅
902,812,官厅西
903,813,官字井
904,814,官高
905,815,定南
906,816,定州
907,816,定州东
908,817,定襄
909,818,定西
910,819,定边
911,820,定远
912,821,定陶
913,822,宜兴
914,823,宜城
915,824,宜宾
916,824,宜宾南
917,825,宜州
918,826,宜昌东
919,827,宜春
920,828,宜耐
921,829,宜良北
922,830,宝华山
923,831,宝拉格
924,832,宝木吐
925,833,宝林
926,834,宝泉岭
927,835,宝清
928,836,宝老山
929,837,宝鸡
930,838,宝龙山
931,839,宣化
932,840,宣和
933,841,宣城
934,842,宣威
935,843,宣家沟
936,844,宣汉
937,845,容县
938,846,容桂
939,847,宽甸
940,848,宾阳
941,849,宿州
942,849,宿州东
943,850,宿松
944,851,密云北
945,852,密山
946,852,密山西
947,853,富县
948,853,富县东
949,854,富川
950,855,富拉尔基
951,856,富海
952,857,富源
953,858,富裕
954,859,富锦
955,860,寒岭
956,861,寒葱沟
957,862,察素齐
958,863,对青山
959,864,寿阳
960,865,将乐
961,866,小东
962,867,小儿坪
963,868,小关溪
964,869,小南海
965,870,小哨
966,871,小姑家
967,872,小宋
968,873,小寺沟
969,874,小山
970,875,小岭
971,876,小市
972,877,小得江
973,878,小扬气
974,879,小新街
975,880,小月旧
976,881,小村
977,882,小榄
978,883,小榆树
979,884,小池口
980,885,小河沿
981,886,小河镇
982,887,小白
983,888,小西庄
984,889,小金口
985,890,小雨谷
986,891,小黑山
987,892,尔赛河
988,893,尖峰
989,894,尚家
990,895,尚志
991,896,尤溪
992,897,尹地
993,898,尼勒克
994,899,尼日
995,900,尼木
996,901,尼波
997,902,屏边
998,903,山丹
999,904,山坡东
1000,905,山城镇
1001,906,山市
1002,907,山河屯
1003,908,山海关
1004,909,山湾子
1005,910,山阴
1006,911,岑溪
1007,912,岔江
1008,913,岔河
1009,914,岢岚
1010,915,岩会
1011,916,岩山
1012,917,岭北
1013,918,岭南
1014,919,岱岳
1015,920,岳家井
1016,921,岳池
1017,922,岳阳
1018,922,岳阳东
1019,923,峡江
1020,924,峨眉
1021,925,峨眉山
1022,926,峨边
1023,927,峰洞
1024,928,峰高铺
1025,929,峻德
1026,930,崇信
1027,931,崇左
1028,932,崖州
1029,933,嵯岗
1030,934,巢湖
1031,934,巢湖东
1032,935,工农湖
1033,936,左家
1034,937,巨宝
1035,938,巨野
1036,939,巩义
1037,940,巴东
1038,941,巴中
1039,942,巴山
1040,943,巴彦郭勒
1041,944,巴彦高勒
1042,945,巴林
1043,946,巴楚
1044,947,布敦化
1045,948,布海
1046,949,师宗
1047,950,师庄
1048,951,带岭
1049,952,常州
1050,952,常州北
1051,953,常平
1052,953,常平东
1053,954,常庄
1054,955,常德
1055,956,帽儿山
1056,957,干塘
1057,958,干溪沟
1058,959,平关
1059,960,平凉
1060,960,平凉南
1061,961,平南南
1062,962,平原
1063,963,平原堡
1064,964,平型关
1065,965,平安
1066,966,平安驿
1067,967,平山
1068,968,平峪
1069,969,平庄
1070,970,平庄南
1071,971,平度
1072,972,平房
1073,973,平旺
1074,974,平昌
1075,975,平果
1076,976,平河口
1077,977,平泉
1078,978,平洋
1079,979,平田
1080,980,平社
1081,981,平等
1082,982,平罗
1083,983,平遥
1084,984,平遥古城
1085,985,平邑
1086,986,平顶山
1087,986,平顶山西
1088,987,平顶庙
1089,988,广元
1090,989,广南卫
1091,990,广宁
1092,991,广宁寺
1093,992,广安
1094,992,广安南
1095,993,广州
1096,993,广州东
1097,993,广州北
1098,993,广州南
1099,994,广德
1100,995,广德号
1101,996,广水
1102,997,广汉北
1103,998,广通北
1104,999,广顺场
1105,1000,庄桥
1106,1001,庄河北
1107,1002,庆丰
1108,1003,庆安
1109,1004,庆盛
1110,1005,庆阳山
1111,1006,庐山
1112,1007,庐江
1113,1008,库伦
1114,1009,库尔勒
1115,1010,库车
1116,1011,库都尔
1117,1012,应县
1118,1013,应城
1119,1014,庙城
1120,1015,庙宫
1121,1016,庙山
1122,1017,庙岭
1123,1018,庙庄
1124,1019,庙阳
1125,1020,康城
1126,1021,康庄
1127,1022,康金井
1128,1023,廉江
1129,1024,廊坊
1130,1024,廊坊北
1131,1025,延吉
1132,1025,延吉西
1133,1026,延安
1134,1027,建三江
1135,1028,建始
1136,1029,建宁县北
1137,1030,建昌
1138,1031,建水
1139,1032,建湖
1140,1033,建瓯
1141,1033,建瓯西
1142,1034,建设
1143,1035,建阳
1144,1036,开原
1145,1036,开原西
1146,1037,开封
1147,1038,开江
1148,1039,开通
1149,1040,开道
1150,1041,开阳
1151,1042,开鲁
1152,1043,弋江
1153,1044,弋阳
1154,1045,弓棚子
1155,1046,张三营
1156,1047,张兰
1157,1048,张台子
1158,1049,张家口南
1159,1050,张家界
1160,1051,张掖
1161,1051,张掖西
1162,1052,张桥
1163,1053,张百湾
1164,1054,张维屯
1165,1055,张辛
1166,1056,弥渡
1167,1057,弯易
1168,1058,弯道
1169,1059,弯郎
1170,1060,归流河
1171,1061,当涂东
1172,1062,当阳
1173,1063,当雄
1174,1064,彝良
1175,1064,彝良南
1176,1065,彭山北
1177,1066,彭州
1178,1067,彭水
1179,1068,彭泽
1180,1069,彭阳
1181,1070,彰武
1182,1071,影壁山
1183,1072,待王
1184,1073,徐家
1185,1074,徐州
1186,1074,徐州东
1187,1075,徐水
1188,1076,徐闻
1189,1077,得耳布尔
1190,1078,徘徊北
1191,1079,德令哈
1192,1080,德伯斯
1193,1081,德保
1194,1082,德兴
1195,1083,德安
1196,1084,德州
1197,1084,德州东
1198,1085,德惠
1199,1085,德惠西
1200,1086,德日斯图
1201,1087,德昌
1202,1088,德清
1203,1088,德清西
1204,1089,德阳
1205,1090,徽县
1206,1091,忻州
1207,1092,怀仁
1208,1092,怀仁东
1209,1093,怀化
1210,1093,怀化南
1211,1094,怀柔
1212,1094,怀柔北
1213,1095,怀集
1214,1096,恒地营
1215,1097,恩施
1216,1098,恭城
1217,1099,息县
1218,1100,息烽
1219,1101,悬钟
1220,1102,惠东
1221,1103,惠农
1222,1104,惠安
1223,1105,惠山
1224,1106,惠州
1225,1106,惠州南
1226,1106,惠州西
1227,1107,惠环
1228,1108,慈利
1229,1109,成吉思汗
1230,1110,成都
1231,1110,成都东
1232,1110,成都南
1233,1111,成高子
1234,1112,戚墅堰
1235,1113,扎兰屯
1236,1114,扎罗木得
1237,1115,扎赉诺尔
1238,1115,扎赉诺尔西
1239,1116,扎音河
1240,1117,扎鲁特
1241,1118,打柴沟
1242,1119,打羊
1243,1120,扬州
1244,1121,扶余
1245,1121,扶余北
1246,1122,扶绥
1247,1123,承德
1248,1123,承德东
1249,1124,抚宁
1250,1125,抚州
1251,1125,抚州东
1252,1126,抚松
1253,1127,抚远
1254,1128,抚顺
1255,1128,抚顺北
1256,1129,拉古
1257,1130,拉哈
1258,1131,拉林
1259,1132,拉白
1260,1133,拉萨
1261,1134,拉鲊
1262,1135,招柏
1263,1136,换新天
1264,1137,揭阳
1265,1138,攀枝花
1266,1139,攸县南
1267,1140,敖力布告
1268,1141,敖头
1269,1142,敖来
1270,1143,敖汉
1271,1144,敦化
1272,1145,敦煌
1273,1146,敬梓场
1274,1147,文地
1275,1148,文昌
1276,1149,文水
1277,1150,文登
1278,1150,文登东
1279,1151,斗沟子
1280,1152,斜河涧
1281,1153,新乡
1282,1153,新乡东
1283,1154,新会
1284,1155,新余
1285,1155,新余北
1286,1156,新凉
1287,1157,新化
1288,1157,新化南
1289,1158,新华
1290,1159,新华屯
1291,1160,新县
1292,1161,新友谊
1293,1162,新和
1294,1163,新固镇
1295,1164,新场
1296,1165,新坪田
1297,1166,新天
1298,1167,新安
1299,1168,新安县
1300,1169,新安庄
1301,1170,新寒岭
1302,1171,新帐房
1303,1172,新干
1304,1173,新平坝
1305,1174,新开
1306,1175,新彦
1307,1176,新晃
1308,1176,新晃西
1309,1177,新李
1310,1178,新杖子
1311,1179,新松浦
1312,1180,新林
1313,1181,新民
1314,1182,新江
1315,1183,新沂
1316,1184,新津
1317,1184,新津南
1318,1185,新窝铺
1319,1186,新立屯
1320,1187,新立镇
1321,1188,新绛
1322,1189,新绰源
1323,1190,新肇
1324,1191,新邱
1325,1192,新郑机场
1326,1193,新都东
1327,1194,新阳镇
1328,1195,新青
1329,1196,新香坊
1330,1197,新高峰
1331,1198,施家嘴
1332,1199,施秉
1333,1200,旌德
1334,1201,旗下营
1335,1202,无为
1336,1203,无锡
1337,1203,无锡东
1338,1204,无锡新区
1339,1205,日喀则
1340,1206,日照
1341,1207,旧庄窝
1342,1208,旬阳
1343,1208,旬阳北
1344,1209,昂乃
1345,1210,昂昂溪
1346,1211,昆山
1347,1211,昆山南
1348,1212,昆明
1349,1213,昆独仑召
1350,1214,昆都庙
1351,1215,昆阳
1352,1216,昌乐
1353,1217,昌图
1354,1217,昌图西
1355,1218,昌平
1356,1219,昌黎
1357,1220,明光
1358,1221,明城
1359,1222,明安
1360,1223,明水河
1361,1224,明港东
1362,1225,明珠
1363,1226,星朗
1364,1227,星耀
1365,1228,春亭阁
1366,1229,春阳
1367,1230,昭通
1368,1230,昭通北
1369,1230,昭通南
1370,1231,晋中
1371,1232,晋城
1372,1232,晋城北
1373,1233,晋州
1374,1234,晋江
1375,1235,晏城
1376,1236,晨明
1377,1237,普兰店
1378,1238,普宁
1379,1239,普安
1380,1240,普定
1381,1241,普洱渡
1382,1242,普湾
1383,1243,普雄
1384,1244,景德镇
1385,1245,景泰
1386,1246,暖泉
1387,1247,曲家店
1388,1248,曲水县
1389,1249,曲江
1390,1250,曲阜
1391,1250,曲阜东
1392,1251,曲靖
1393,1252,曹县
1394,1253,曹家营子
1395,1254,曾家坪子
1396,1255,月亮田
1397,1256,月华
1398,1257,月山
1399,1258,朔州
1400,1259,朗乡
1401,1260,望江
1402,1261,朝中
1403,1262,朝天
1404,1263,朝格温多尔
1405,1264,朝阳
1406,1265,朝阳地
1407,1266,朝阳川
1408,1267,朝阳村
1409,1268,朝阳镇
1410,1269,木竹河
1411,1270,木里图
1412,1271,本溪
1413,1272,本溪新城
1414,1273,朱家沟
1415,1274,朱家窑
1416,1275,朱日和
1417,1276,朱杨溪
1418,1277,朱石寨
1419,1278,李家
1420,1279,李家坪
1421,1280,李市镇
1422,1281,李旺
1423,1282,李石寨
1424,1283,杏树
1425,1284,杏树屯
1426,1285,杜家
1427,1286,来宾
1428,1286,来宾北
1429,1287,杨家店
1430,1288,杨家营
1431,1289,杨岗
1432,1290,杨木
1433,1291,杨村
1434,1292,杨杖子
1435,1293,杨林
1436,1294,杨柳青
1437,1295,杨树岭
1438,1296,杨树湾
1439,1297,杨漩
1440,1298,杨陵
1441,1299,杭州
1442,1299,杭州东
1443,1300,杭锦旗
1444,1301,松原
1445,1301,松原北
1446,1302,松坎
1447,1303,松坝
1448,1304,松树
1449,1305,松树台
1450,1306,松树林
1451,1307,松树镇
1452,1308,松桃
1453,1309,松江
1454,1309,松江南
1455,1310,松江河
1456,1311,松江镇
1457,1312,松河
1458,1313,松滋
1459,1314,松青
1460,1315,板城
1461,1316,板石河
1462,1317,枕头峰
1463,1318,林东
1464,1319,林口
1465,1320,林家台
1466,1321,林海
1467,1322,林源
1468,1323,林盛堡
1469,1324,林西
1470,1325,果松
1471,1326,枝城
1472,1327,枝江北
1473,1328,枣子林
1474,1329,枣庄
1475,1329,枣庄东
1476,1329,枣庄西
1477,1330,枣强
1478,1331,枣林
1479,1332,枣阳
1480,1333,柏村
1481,1334,柏林
1482,1335,柏果
1483,1336,柞水
1484,1337,查布嘎
1485,1338,查干哈达
1486,1339,查干特格
1487,1340,查干芒和
1488,1341,柯坪
1489,1342,柯柯
1490,1343,柳园
1491,1343,柳园南
1492,1344,柳家庄
1493,1345,柳州
1494,1346,柳林南
1495,1347,柳树
1496,1348,柳树屯
1497,1349,柳毛
1498,1350,柳毛沟
1499,1351,柳沟
1500,1352,柳河
1501,1353,柴沟堡
1502,1354,柴河
1503,1355,栟茶
1504,1356,株洲
1505,1356,株洲西
1506,1357,核桃园
1507,1358,根河
1508,1359,格尔木
1509,1360,桂平
1510,1361,桂林
1511,1361,桂林北
1512,1361,桂林西
1513,1362,桃园
1514,1363,桃山
1515,1364,桃村
1516,1364,桃村北
1517,1365,桐乡
1518,1366,桐城
1519,1367,桐子林
1520,1368,桐木寨
1521,1369,桐柏
1522,1370,桐梓
1523,1371,桑根达来
1524,1372,桓龙湖
1525,1373,桥北
1526,1374,桥头
1527,1375,桥湾
1528,1376,桦南
1529,1377,桦林
1530,1378,桦皮厂
1531,1379,梁山
1532,1380,梁平
1533,1381,梁底下
1534,1382,梅州
1535,1383,梅河口
1536,1384,梧州
1537,1384,梧州南
1538,1385,梨树镇
1539,1386,棋子湾
1540,1387,棋盘
1541,1388,楚山
1542,1389,楚雄
1543,1390,楚鲁图
1544,1391,榆林
1545,1392,榆树
1546,1393,榆树屯
1547,1394,榆树川
1548,1395,榆树沟
1549,1396,榆次
1550,1397,榆社
1551,1398,榕江
1552,1399,樟木头东
1553,1400,樟树
1554,1400,樟树东
1555,1401,横峰
1556,1402,横江
1557,1403,横沟桥东
1558,1404,横道河子
1559,1405,歙县
1560,1405,歙县北
1561,1406,正定
1562,1407,正定机场
1563,1408,正镶白旗
1564,1409,武义
1565,1409,武义北
1566,1410,武乡
1567,1411,武功
1568,1412,武夷山
1569,1413,武夷山东
1570,1414,武夷山北
1571,1415,武威
1572,1415,武威南
1573,1416,武安
1574,1417,武山
1575,1418,武当山
1576,1419,武昌
1577,1420,武汉
1578,1421,武清
1579,1422,武穴
1580,1423,武胜
1581,1424,武陟
1582,1425,武隆
1583,1426,歪头山
1584,1427,毛告吐
1585,1428,毛坝
1586,1428,毛坝关
1587,1429,毫州
1588,1430,民乐
1589,1431,民和南
1590,1432,民族
1591,1433,民权
1592,1434,民福寺
1593,1435,氡泉
1594,1436,水地
1595,1437,水家湖
1596,1438,水富
1597,1439,水沟
1598,1440,水泉
1599,1441,水洞
1600,1442,水源
1601,1443,永丰营
1602,1444,永乐店
1603,1445,永修
1604,1446,永和
1605,1447,永嘉
1606,1448,永安
1607,1449,永安乡
1608,1450,永定
1609,1451,永川
1610,1451,永川东
1611,1452,永州
1612,1453,永康
1613,1453,永康南
1614,1454,永泰
1615,1455,永济
1616,1455,永济北
1617,1456,永甸
1618,1457,永登
1619,1458,永福南
1620,1459,永胜
1621,1460,永郎
1622,1461,汇塘河
1623,1462,汇流河
1624,1463,汉中
1625,1464,汉口
1626,1465,汉寿
1627,1466,汉川
1628,1467,汉源
1629,1468,汉阴
1630,1469,汐子
1631,1470,汕头
1632,1471,汕尾
1633,1472,汗苏鲁
1634,1473,汝州
1635,1474,汝箕沟
1636,1475,江华
1637,1476,江宁
1638,1476,江宁西
1639,1477,江密峰
1640,1478,江山
1641,1479,江所田
1642,1480,江桥
1643,1481,江永
1644,1482,江油
1645,1483,江津
1646,1484,江源
1647,1485,江西村
1648,1486,江都
1649,1487,江门
1650,1488,池州
1651,1489,汤原
1652,1490,汤头沟
1653,1491,汤山城
1654,1492,汤旺河
1655,1493,汤池
1656,1494,汤逊湖
1657,1495,汤阴
1658,1496,汨罗
1659,1496,汨罗东
1660,1497,汪清
1661,1498,汾河
1662,1499,汾阳
1663,1500,沁县
1664,1501,沂南
1665,1502,沂水
1666,1503,沃皮
1667,1504,沈丘
1668,1505,沈家
1669,1506,沈家河
1670,1507,沈阳
1671,1507,沈阳北
1672,1507,沈阳南
1673,1507,沈阳西
1674,1508,沐滂
1675,1509,沙园
1676,1510,沙坡头
1677,1511,沙坨子
1678,1512,沙城
1679,1513,沙岭子
1680,1514,沙日乃
1681,1515,沙桥
1682,1516,沙沙坡
1683,1517,沙沱
1684,1518,沙河市
1685,1519,沙海
1686,1520,沙湾
1687,1521,沙湾县
1688,1522,沙马拉达
1689,1523,沟口
1690,1524,沟帮子
1691,1525,沥林北
1692,1526,沧州
1693,1526,沧州西
1694,1527,沭阳
1695,1528,河口北
1696,1529,河口南
1697,1530,河唇
1698,1531,河洛营
1699,1532,河津
1700,1533,河源
1701,1534,河边
1702,1535,油溪
1703,1536,治安
1704,1537,治山
1705,1538,沿河城
1706,1539,泉州
1707,1540,泉水
1708,1541,泉江
1709,1542,泉阳
1710,1543,泊头
1711,1544,泔溪
1712,1545,泗县
1713,1546,泗水
1714,1547,泗洪
1715,1548,泗阳
1716,1549,泡子
1717,1550,泰和
1718,1551,泰宁
1719,1552,泰安
1720,1553,泰山
1721,1554,泰州
1722,1555,泰康
1723,1556,泰来
1724,1557,泽普
1725,1558,泾县
1726,1559,泾川
1727,1560,洋河
1728,1561,洛湾三江
1729,1562,洛碛
1730,1563,洛门
1731,1564,洛阳
1732,1564,洛阳东
1733,1565,洛阳龙门
1734,1566,洞庙河
1735,1567,洪河
1736,1568,洪洞
1737,1568,洪洞西
1738,1569,洮南
1739,1570,流水沟
1740,1571,济南
1741,1571,济南东
1742,1571,济南西
1743,1572,济宁
1744,1573,济源
1745,1574,浠水
1746,1575,浩良河
1747,1576,浮图峪
1748,1577,海东西
1749,1578,海伦
1750,1579,海北
1751,1580,海口
1752,1580,海口东
1753,1581,海坨子
1754,1582,海城
1755,1582,海城西
1756,1583,海宁
1757,1583,海宁西
1758,1584,海安县
1759,1585,海拉尔
1760,1586,海林
1761,1587,海浪
1762,1588,海石湾
1763,1589,海阳
1764,1589,海阳北
1765,1590,涉县
1766,1591,涞源
1767,1592,涟源
1768,1593,涡阳
1769,1594,涪陵
1770,1594,涪陵北
1771,1595,涵江
1772,1596,涿州
1773,1596,涿州东
1774,1597,淄博
1775,1598,淮北
1776,1599,淮南
1777,1599,淮南东
1778,1600,淮安
1779,1601,淮滨
1780,1602,深井子
1781,1603,深圳
1782,1603,深圳东
1783,1603,深圳北
1784,1604,深圳坪山
1785,1603,深圳西
1786,1605,深州
1787,1606,清华园
1788,1607,清原
1789,1608,清徐
1790,1609,清水
1791,1609,清水北
1792,1610,清河
1793,1611,清河城
1794,1612,清河门
1795,1613,清涧县
1796,1614,清远
1797,1615,渑池
1798,1616,渠县
1799,1617,渠旧
1800,1618,渠黎
1801,1619,渡市
1802,1620,温岭
1803,1621,温州
1804,1621,温州南
1805,1622,温春
1806,1623,温泉寺
1807,1624,温都和硕
1808,1625,渭南
1809,1625,渭南北
1810,1626,渭南镇
1811,1627,湖口
1812,1628,湖州
1813,1629,湘乡
1814,1630,湘潭
1815,1630,湘潭北
1816,1631,湛江
1817,1631,湛江西
1818,1632,湟源
1819,1633,湾沟
1820,1634,溆浦
1821,1634,溆浦南
1822,1635,源潭
1823,1636,源迁
1824,1637,溧水
1825,1638,溧阳
1826,1639,滁州
1827,1639,滁州北
1828,1640,滕州
1829,1640,滕州东
1830,1641,满归
1831,1642,满洲里
1832,1643,滥坝
1833,1644,滦县
1834,1645,滦平
1835,1646,滦河
1836,1647,滦河沿
1837,1648,滨州
1838,1649,滨江
1839,1650,滨海
1840,1650,滨海北
1841,1651,滩头
1842,1652,滴道
1843,1653,漠河
1844,1654,漯河
1845,1654,漯河西
1846,1655,漳州
1847,1655,漳州东
1848,1656,漳平
1849,1657,漳浦
1850,1658,潍坊
1851,1659,潘家店
1852,1660,潜江
1853,1661,潞城
1854,1662,潢川
1855,1663,潮州
1856,1664,潮水
1857,1665,潮汕
1858,1666,潮阳
1859,1667,潼关
1860,1668,潼南
1861,1669,澧县
1862,1670,濑湍
1863,1671,濮阳
1864,1672,灌水
1865,1673,火炬沟
1866,1674,火烧寨
1867,1675,灯塔
1868,1676,灵丘
1869,1677,灵宝
1870,1678,灵山
1871,1679,灵武
1872,1680,灵璧
1873,1681,灵石
1874,1681,灵石东
1875,1682,炎陵
1876,1683,烟台
1877,1683,烟台南
1878,1684,烟筒屯
1879,1685,烟筒山
1880,1686,热水
1881,1687,焉耆
1882,1688,焦作
1883,1689,煤田
1884,1690,照福铺
1885,1691,熊岳城
1886,1692,燕子砭
1887,1693,燕家庄
1888,1694,燕山
1889,1695,燕岗
1890,1696,燕郊
1891,1697,爱河
1892,1698,牙克石
1893,1699,牙屯堡
1894,1700,牙拉盖图
1895,1701,牛家
1896,1702,牛家营子
1897,1703,牛庄
1898,1704,牛汾台
1899,1705,牟平
1900,1706,牡丹江
1901,1707,牧原
1902,1708,犀浦
1903,1708,犀浦东
1904,1709,独山
1905,1710,狮子营
1906,1711,狮山
1907,1712,狮山北
1908,1713,猛洞河
1909,1714,猛鹫山
1910,1715,猴山
1911,1716,玉屏
1912,1717,玉山
1913,1718,玉山南
1914,1719,玉林
1915,1720,玉泉
1916,1721,玉溪
1917,1722,玉田县
1918,1723,玉石
1919,1724,玉舍
1920,1725,玉门
1921,1726,王团庄
1922,1727,王场
1923,1728,王安镇
1924,1729,王家营西
1925,1730,王岗
1926,1731,王庄
1927,1732,王府
1928,1733,玛纳斯
1929,1734,珠斯花
1930,1735,珠海
1931,1735,珠海北
1932,1736,珠窝
1933,1737,班猫箐
1934,1738,珲春
1935,1739,琼海
1936,1740,瑞安
1937,1741,瑞昌
1938,1742,瑞金
1939,1743,璧山
1940,1744,瓜州
1941,1745,瓢儿屯
1942,1746,瓦屋山
1943,1747,瓦房
1944,1748,瓦房店
1945,1748,瓦房店西
1946,1749,瓦拉干
1947,1750,瓦祖
1948,1751,瓦窑坝
1949,1752,瓦窑田
1950,1753,甘旗卡
1951,1754,甘河
1952,1755,甘泉北
1953,1756,甘洛
1954,1757,甘草店
1955,1758,甘谷
1956,1759,田东北
1957,1760,田家沟
1958,1761,田师府
1959,1762,田林
1960,1763,田梁子
1961,1764,田阳
1962,1765,甲山
1963,1766,申家店
1964,1767,甸心
1965,1768,界首市
1966,1769,留庄
1967,1770,略阳
1968,1771,疏勒河
1969,1772,登沙河
1970,1773,白云鄂博
1971,1774,白合
1972,1775,白城
1973,1776,白壁关
1974,1777,白奎堡
1975,1778,白山乡
1976,1779,白山市
1977,1780,白彦花
1978,1781,白旗
1979,1782,白果
1980,1783,白桦排
1981,1784,白水江
1982,1785,白水镇
1983,1786,白沙
1984,1787,白沙坡
1985,1788,白沙沱
1986,1789,白沟
1987,1790,白河
1988,1790,白河东
1989,1791,白河县
1990,1792,白洋淀
1991,1793,白涛
1992,1794,白涧
1993,1795,白狼
1994,1796,白石山
1995,1797,白石岩
1996,1798,白芨沟
1997,1799,白银哈尔
1998,1800,白银市
1999,1801,白银西
2000,1802,白音他拉
2001,1803,白音华南
2002,1804,白音察干
2003,1805,白音胡硕
2004,1806,白马
2005,1807,白马井
2006,1808,白鸡坡
2007,1809,百宜
2008,1810,百色
2009,1811,百里峡
2010,1812,皋兰
2011,1813,皮口
2012,1814,皮山
2013,1815,益阳
2014,1816,盐城
2015,1817,盐池
2016,1818,盐津
2017,1818,盐津北
2018,1819,盖州
2019,1819,盖州西
2020,1820,盘关
2021,1821,盘古
2022,1822,盘古寺
2023,1823,盘锦
2024,1823,盘锦北
2025,1824,眉山
2026,1824,眉山东
2027,1825,石人城
2028,1826,石嘴山
2029,1827,石场
2030,1828,石坝
2031,1829,石城
2032,1830,石头
2033,1831,石家庄
2034,1831,石家庄北
2035,1832,石山
2036,1833,石岭
2037,1834,石峡子
2038,1835,石林
2039,1835,石林南
2040,1836,石柱县
2041,1837,石桥子
2042,1838,石河子
2043,1839,石泉县
2044,1840,石湖
2045,1841,石磷
2046,1842,石脑
2047,1843,石门县北
2048,1844,石门坎
2049,1845,石门子
2050,1846,石门村
2051,1847,砀山
2052,1848,砚川
2053,1849,砬子河
2054,1850,确山
2055,1851,碧州
2056,1852,碧江
2057,1853,碱柜
2058,1854,碾子山
2059,1855,磁县
2060,1856,磁山
2061,1857,磁窑
2062,1858,磐安镇
2063,1859,磐石
2064,1860,磨刀石
2065,1861,磨溪
2066,1862,磨滩
2067,1863,礼泉
2068,1864,祁东
2069,1865,祁县
2070,1865,祁县东
2071,1866,祁家堡
2072,1867,祁门
2073,1868,祁阳
2074,1869,神头
2075,1870,神峪河
2076,1871,神州
2077,1872,神木
2078,1873,神树
2079,1874,神池
2080,1875,祥云
2081,1876,禄丰南
2082,1877,福兴地
2083,1878,福利屯
2084,1879,福安
2085,1880,福山口
2086,1881,福山镇
2087,1882,福州
2088,1882,福州南
2089,1883,福巨
2090,1884,福泉
2091,1885,福海
2092,1886,福清
2093,1887,福生庄
2094,1888,福田
2095,1889,福鼎
2096,1890,禹城
2097,1891,离堆公园
2098,1892,秀山
2099,1893,秋木庄
2100,1894,秦家
2101,1895,秦家庄
2102,1896,秦岭
2103,1897,秦皇岛
2104,1898,秧草地
2105,1899,稷山
2106,1900,穆棱
2107,1901,窑上
2108,1902,立志
2109,1903,章丘
2110,1904,章党
2111,1905,章古台
2112,1906,端州
2113,1907,竹园坝
2114,1908,笔架山
2115,1909,简阳
2116,1909,简阳南
2117,1910,米易
2118,1911,米沙子
2119,1912,米脂
2120,1913,精河南
2121,1914,索伦
2122,1915,索图罕
2123,1916,紫荆关
2124,1917,紫阳
2125,1918,綦江
2126,1919,繁峙
2127,1920,繁昌西
2128,1921,红光镇
2129,1922,红兴隆
2130,1923,红安西
2131,1924,红寺堡
2132,1925,红山
2133,1926,红岘台
2134,1927,红峰
2135,1928,红彦
2136,1929,红旗营
2137,1930,红星
2138,1931,红果
2139,1932,红江
2140,1933,红砂坝
2141,1934,红砂岘
2142,1935,红花园
2143,1936,红花沟
2144,1937,纪家沟
2145,1938,纳雍
2146,1939,纸坊东
2147,1940,绅坊
2148,1941,织金
2149,1942,绍兴
2150,1942,绍兴北
2151,1943,经棚
2152,1944,绕阳河
2153,1945,统军庄
2154,1946,绣峰
2155,1947,绥中
2156,1947,绥中北
2157,1948,绥化
2158,1949,绥德
2159,1950,绥棱
2160,1951,绥芬河
2161,1952,绥阳
2162,1953,绩溪北
2163,1954,绩溪县
2164,1955,绵阳
2165,1956,绿化
2166,1957,绿博园
2167,1958,绿潭
2168,1959,缙云
2169,1959,缙云西
2170,1960,罗城
2171,1961,罗山
2172,1962,罗平
2173,1963,罗江东
2174,1964,罗源
2175,1965,羊圈子
2176,1966,羊场
2177,1967,羊坪
2178,1968,羊堡
2179,1969,羊尾哨
2180,1970,羊者窝
2181,1971,羊臼河
2182,1972,羊草
2183,1973,美兰
2184,1974,美岱召
2185,1975,美溪
2186,1976,翠岗
2187,1977,翠峰
2188,1978,老城镇
2189,1979,老岭
2190,1980,老府
2191,1981,老爷岭
2192,1982,老羊壕
2193,1983,老莱
2194,1984,老营
2195,1985,老边
2196,1986,耒阳
2197,1986,耒阳西
2198,1987,聂河
2199,1988,聊城
2200,1989,联合乡
2201,1990,肃宁
2202,1991,肇东
2203,1992,肇庆
2204,1992,肇庆东
2205,1993,肥东
2206,1994,背荫河
2207,1995,胜芳
2208,1996,胶州
2209,1996,胶州北
2210,1997,能家
2211,1998,腰栈
2212,1999,自贡
2213,2000,舍伯吐
2214,2001,舍力虎
2215,2002,舒兰
2216,2003,舒城
2217,2004,良各庄
2218,2005,艾不盖
2219,2006,艾家村
2220,2007,艾河
2221,2008,芜湖
2222,2009,芦台
2223,2010,芦家庄
2224,2011,芦家村
2225,2012,芦沟
2226,2013,芨岭
2227,2014,花园
2228,2015,花园口
2229,2016,花土坡
2230,2017,花家庄
2231,2018,花桥
2232,2019,花棚子
2233,2020,芷江
2234,2021,苇河
2235,2022,苍南
2236,2023,苍坪
2237,2024,苍溪
2238,2025,苍石
2239,2026,苏北
2240,2027,苏家屯
2241,2028,苏州
2242,2028,苏州北
2243,2029,苏州园区
2244,2030,苏州新区
2245,2031,苏雄
2246,2032,苏集
2247,2033,苔青
2248,2034,英吉沙
2249,2035,英德
2250,2035,英德西
2251,2036,茂名
2252,2036,茂名东
2253,2036,茂名西
2254,2037,茂林
2255,2038,茂舍祖
2256,2039,范家屯
2257,2040,范镇
2258,2041,茄子溪
2259,2042,茅草坪
2260,2043,茨冲
2261,2044,茨坝
2262,2045,茶条沟
2263,2046,茶陵南
2264,2047,荆州
2265,2048,荆门
2266,2049,草市
2267,2050,草河口
2268,2051,草海
2269,2052,荒沟西
2270,2053,荣成
2271,2054,荣昌
2272,2054,荣昌北
2273,2055,莆田
2274,2056,莎车
2275,2057,莒南
2276,2058,莒县
2277,2059,莫尔道嘎
2278,2060,莱芜东
2279,2061,莱西
2280,2061,莱西北
2281,2062,莱阳
2282,2063,莲江口
2283,2064,莲花山
2284,2065,获嘉
2285,2066,菇园
2286,2067,菏泽
2287,2068,萍乡
2288,2068,萍乡北
2289,2069,营北
2290,2070,营口
2291,2070,营口东
2292,2071,营城
2293,2072,营山
2294,2073,营盘水
2295,2074,营盘湾
2296,2075,营街
2297,2076,萨拉齐
2298,2077,落坡岭
2299,2078,落垡
2300,2079,葛店南
2301,2080,葛根庙
2302,2081,葫芦岛
2303,2081,葫芦岛北
2304,2082,葵潭
2305,2083,蒙渡
2306,2084,蒙自
2307,2084,蒙自北
2308,2085,蒲坝
2309,2086,蒲城
2310,2086,蒲城东
2311,2087,蓝村
2312,2088,蓟县
2313,2089,蓬安
2314,2090,蔡家坡
2315,2091,蔡家沟
2316,2092,蔡山
2317,2093,蔺家楼
2318,2094,蕲春
2319,2095,藁城
2320,2096,藤县
2321,2097,虎尔虎拉
2322,2098,虎山
2323,2099,虎峰
2324,2100,虎林
2325,2101,虎门
2326,2102,虞城县
2327,2103,虢镇
2328,2104,蚌埠
2329,2104,蚌埠南
2330,2105,蛟河
2331,2105,蛟河西
2332,2106,融安
2333,2107,融水
2334,2108,衙门庙
2335,2109,衡山
2336,2109,衡山西
2337,2110,衡水
2338,2111,衡阳
2339,2111,衡阳东
2340,2112,衢州
2341,2113,裕国
2342,2114,裴德
2343,2115,褚家湾
2344,2116,襄垣
2345,2117,襄汾
2346,2117,襄汾西
2347,2118,襄河
2348,2119,襄阳
2349,2119,襄阳东
2350,2120,西丰
2351,2121,西乌旗
2352,2122,西乡
2353,2123,西六方
2354,2124,西哲里木
2355,2125,西固城
2356,2126,西大庙
2357,2127,西宁
2358,2128,西安
2359,2128,西安北
2360,2128,西安南
2361,2129,西小召
2362,2130,西岗子
2363,2131,西岭口
2364,2132,西峡
2365,2133,西平
2366,2134,西斗铺
2367,2135,西昌
2368,2135,西昌南
2369,2136,西林
2370,2137,西柳
2371,2138,西武匠
2372,2139,西湖东
2373,2140,西胡尔清
2374,2141,西街口
2375,2142,西里
2376,2143,西阳岔
2377,2144,西阳村
2378,2145,西麻山
2379,2146,角美
2380,2147,讷尔克气
2381,2148,讷河
2382,2149,许三湾
2383,2150,许家台
2384,2151,许家屯
2385,2152,许昌
2386,2152,许昌东
2387,2153,诏安
2388,2154,诸城
2389,2155,诸暨
2390,2156,谢家镇
2391,2157,谷城
2392,2158,豆庄
2393,2159,豆张庄
2394,2160,豆沙关
2395,2161,豆罗
2396,2162,贲红
2397,2163,贵定
2398,2163,贵定北
2399,2163,贵定南
2400,2164,贵定县
2401,2165,贵港
2402,2166,贵溪
2403,2167,贵阳
2404,2167,贵阳北
2405,2168,费县
2406,2169,贺家店
2407,2170,贺州
2408,2171,贺日斯台
2409,2172,贺胜桥东
2410,2173,资中
2411,2173,资中北
2412,2174,资溪
2413,2175,资阳
2414,2175,资阳北
2415,2176,赛乌苏
2416,2177,赛汗塔拉
2417,2178,赣州
2418,2179,赤壁
2419,2179,赤壁北
2420,2180,赤峰
2421,2180,赤峰东
2422,2180,赤峰西
2423,2181,赫尔洪得
2424,2182,赵光
2425,2183,赵城
2426,2184,赵庄
2427,2185,赶水
2428,2186,超梁沟
2429,2187,越西
2430,2188,路口铺
2431,2189,车转湾
2432,2190,轩岗
2433,2191,轮台
2434,2192,轵城
2435,2193,轸溪
2436,2194,辛集
2437,2195,辰清
2438,2196,辰溪
2439,2197,边沟
2440,2198,辽中
2441,2199,辽源
2442,2200,辽阳
2443,2201,达家沟
2444,2202,达州
2445,2203,达拉滨
2446,2204,达拉特西
2447,2205,达日其嘎
2448,2206,迁安
2449,2207,迎宾路
2450,2208,迎春
2451,2209,迎祥街
2452,2210,运城
2453,2210,运城北
2454,2211,进贤
2455,2211,进贤南
2456,2212,连云港东
2457,2213,连山关
2458,2214,连江
2459,2215,连珠山
2460,2216,迤资
2461,2217,迤那
2462,2218,通化
2463,2219,通化县
2464,2220,通北
2465,2221,通天屯
2466,2222,通安驿
2467,2223,通州西
2468,2224,通海
2469,2225,通辽
2470,2226,通远堡
2471,2226,通远堡西
2472,2227,通道
2473,2228,遂宁
2474,2229,遂平
2475,2230,遂溪
2476,2231,道仑郭勒
2477,2232,道州
2478,2233,道德
2479,2234,道清
2480,2235,遵义
2481,2236,邓家湾
2482,2237,邓州
2483,2238,邢台
2484,2238,邢台东
2485,2239,那曲
2486,2240,邯郸
2487,2240,邯郸东
2488,2241,邳州
2489,2242,邵东
2490,2243,邵家堂
2491,2244,邵武
2492,2245,邵阳
2493,2245,邵阳北
2494,2246,邹城
2495,2247,郁南
2496,2248,郁山
2497,2249,郑州
2498,2249,郑州东
2499,2250,郓城
2500,2251,郫县
2501,2251,郫县西
2502,2252,郭家屯
2503,2253,郭家店
2504,2254,郭尔奔敖包
2505,2255,郯城
2506,2256,郴州
2507,2256,郴州西
2508,2257,都匀
2509,2257,都匀东
2510,2258,都格
2511,2259,都江堰
2512,2260,鄂尔多斯
2513,2261,鄂州
2514,2262,鄄城
2515,2263,鄯善
2516,2263,鄯善北
2517,2264,酉阳
2518,2265,酒泉
2519,2265,酒泉南
2520,2266,醴陵
2521,2266,醴陵东
2522,2267,里木店
2523,2268,重庆
2524,2268,重庆北
2525,2268,重庆南
2526,2269,野三坡
2527,2270,金刚沱
2528,2271,金华
2529,2271,金华南
2530,2272,金口河
2531,2273,金坑
2532,2274,金城江
2533,2275,金宝屯
2534,2276,金家店
2535,2277,金寨
2536,2278,金山北
2537,2279,金山屯
2538,2280,金州
2539,2281,金昌
2540,2282,金杖子
2541,2283,金沟屯
2542,2284,金河
2543,2285,金银川
2544,2286,金马村
2545,2287,金鸡村
2546,2288,钟家村
2547,2289,钟山西
2548,2290,钟祥
2549,2291,钦州东
2550,2292,铁佛寺
2551,2293,铁力
2552,2294,铁厂
2553,2295,铁口
2554,2296,铁岭
2555,2296,铁岭西
2556,2297,铁西
2557,2298,铜仁
2558,2298,铜仁南
2559,2299,铜罐驿
2560,2300,铜陵
2561,2300,铜陵北
2562,2301,铜鼓溪
2563,2302,银川
2564,2302,银川南
2565,2303,银浪
2566,2304,银滩
2567,2305,银瓶
2568,2306,银镇
2569,2307,锡林呼都嘎
2570,2308,锡林浩特
2571,2309,锡铁山
2572,2310,锦州
2573,2310,锦州南
2574,2311,锦河
2575,2312,镇城底
2576,2313,镇安
2577,2314,镇平
2578,2315,镇江
2579,2315,镇江南
2580,2316,镇紫街
2581,2317,镇赉
2582,2318,镇远
2583,2319,镜铁山
2584,2320,长临河
2585,2321,长兴
2586,2321,长兴南
2587,2322,长农
2588,2323,长冲
2589,2324,长发屯
2590,2325,长坡岭
2591,2326,长垣
2592,2327,长城
2593,2328,长子
2594,2329,长寿
2595,2329,长寿北
2596,2330,长山屯
2597,2331,长庆桥
2598,2332,长征
2599,2333,长春
2600,2333,长春西
2601,2334,长武
2602,2335,长汀南
2603,2336,长汀镇
2604,2337,长沙
2605,2337,长沙南
2606,2338,长河碥
2607,2339,长治
2608,2339,长治北
2609,2340,长潭沟
2610,2341,长甸
2611,2342,长葛
2612,2343,长虹
2613,2344,长阳
2614,2345,门源
2615,2346,门达
2616,2347,闹海营
2617,2348,闻喜
2618,2348,闻喜西
2619,2349,闽清北
2620,2350,阆中
2621,2351,阎家
2622,2352,阎良
2623,2353,阜南
2624,2354,阜宁
2625,2355,阜新
2626,2356,阜阳
2627,2357,防城港北
2628,2358,阳信
2629,2359,阳城
2630,2360,阳岔
2631,2361,阳平关
2632,2362,阳新
2633,2363,阳明堡
2634,2364,阳春
2635,2365,阳曲
2636,2366,阳朔
2637,2367,阳泉
2638,2367,阳泉北
2639,2368,阳泉曲
2640,2369,阳澄湖
2641,2370,阳谷
2642,2371,阳邑
2643,2372,阳高
2644,2373,阿乌尼
2645,2374,阿克苏
2646,2375,阿克陶
2647,2376,阿南庄
2648,2377,阿图什
2649,2378,阿城
2650,2379,阿寨
2651,2380,阿尔山
2652,2381,阿尔山北
2653,2382,阿拉山口
2654,2383,阿木尔
2655,2384,阿贵图
2656,2385,阿里河
2657,2386,阿金
2658,2387,阿龙山
2659,2388,陆丰
2660,2389,陆川
2661,2390,陆良
2662,2391,陇县
2663,2392,陇西
2664,2393,陈官营
2665,2394,陈相屯
2666,2395,陵水
2667,2396,陶家屯
2668,2397,陶思浩
2669,2398,陶赖昭
2670,2399,隆化
2671,2400,隆安东
2672,2401,隆昌
2673,2401,隆昌北
2674,2402,随州
2675,2403,雁荡山
2676,2404,雅河
2677,2405,雅鲁
2678,2406,集宁南
2679,2407,集安
2680,2408,雨格
2681,2409,零陵
2682,2410,雷州
2683,2411,霍尔果斯
2684,2412,霍州
2685,2412,霍州东
2686,2413,霍林郭勒
2687,2414,霍邱
2688,2415,霞浦
2689,2416,露水河
2690,2417,霸州
2691,2417,霸州西
2692,2418,青县
2693,2419,青城山
2694,2420,青堆
2695,2421,青山
2696,2422,青岛
2697,2422,青岛北
2698,2423,青岭子
2699,2424,青州市
2700,2425,青水山
2701,2426,青沟子
2702,2427,青溪
2703,2428,青田
2704,2429,青白江东
2705,2430,青神
2706,2431,青莲
2707,2432,青铜峡
2708,2433,青龙
2709,2434,青龙山
2710,2435,靖宇
2711,2436,靖州
2712,2437,靖西
2713,2438,靖边
2714,2439,靖远
2715,2439,靖远西
2716,2440,静海
2717,2441,革居
2718,2442,鞍山
2719,2442,鞍山西
2720,2443,韦庄
2721,2444,韩城
2722,2445,韩府湾
2723,2446,韩麻营
2724,2447,韶关
2725,2447,韶关东
2726,2448,韶山
2727,2448,韶山南
2728,2449,项城
2729,2450,顺义
2730,2451,顺德
2731,2452,顺德学院
2732,2453,顺昌
2733,2454,额济纳
2734,2455,风水沟
2735,2456,风陵渡
2736,2457,饶平
2737,2458,饶阳
2738,2459,香兰
2739,2460,香坊
2740,2461,马三家
2741,2462,马兰
2742,2463,马林
2743,2464,马架子
2744,2465,马盖图
2745,2466,马莲河
2746,2467,马鞍山
2747,2467,马鞍山东
2748,2468,马龙
2749,2469,驻马店
2750,2469,驻马店西
2751,2470,驼腰岭
2752,2471,高台
2753,2471,高台南
2754,2472,高台子
2755,2473,高各庄
2756,2474,高头
2757,2475,高安
2758,2476,高家
2759,2477,高家村
2760,2478,高密
2761,2479,高山子
2762,2480,高峰
2763,2481,高州
2764,2482,高平
2765,2483,高村
2766,2484,高林屯
2767,2485,高桥镇
2768,2486,高滩
2769,2487,高碑店
2770,2487,高碑店东
2771,2488,高谷
2772,2489,高邑
2773,2489,高邑西
2774,2490,魏善庄
2775,2491,魏杖子
2776,2492,鱼儿沟
2777,2493,鱼泉
2778,2494,鲁山
2779,2495,鲁河
2780,2496,鲁番
2781,2497,鲅鱼圈
2782,2498,鲘门
2783,2499,鳌江
2784,2500,鸡东
2785,2501,鸡冠山
2786,2502,鸡西
2787,2503,鸭园
2788,2504,鸳鸯镇
2789,2505,鸽子洞
2790,2506,鹤北
2791,2507,鹤壁
2792,2507,鹤壁东
2793,2508,鹤山
2794,2509,鹤岗
2795,2510,鹤庆
2796,2511,鹤立
2797,2512,鹰手营子
2798,2513,鹰潭
2799,2513,鹰潭北
2800,2514,鹿寨
2801,2514,鹿寨北
2802,2515,鹿道
2803,2516,麻城
2804,2516,麻城北
2805,2517,麻尾
2806,2518,麻山
2807,2519,麻柳
2808,2520,麻阳
2809,2521,黄
2810,2522,黄口
2811,2523,黄家店
2812,2524,黄山
2813,2525,黄山北
2814,2526,黄州
2815,2527,黄平
2816,2528,黄村
2817,2529,黄松甸
2818,2530,黄柏
2819,2531,黄梅
2820,2532,黄河景区
2821,2533,黄泥崴子
2822,2534,黄泥河
2823,2535,黄津
2824,2536,黄流
2825,2537,黄瓜园
2826,2538,黄石
2827,2538,黄石北
2828,2539,黄羊湾
2829,2540,黄羊滩
2830,2541,黄羊镇
2831,2542,黄花筒
2832,2543,黄陵
2833,2543,黄陵南
2834,2544,黎城
2835,2545,黎塘
2836,2546,黑井
2837,2547,黑冲滩
2838,2548,黑台
2839,2549,黑旺
2840,2550,黑水
2841,2551,黑河
2842,2552,黔江
2843,2553,鼎湖东
2844,2554,鼎湖山
2845,2555,齐哈日格图
2846,2556,齐齐哈尔
2847,2556,齐齐哈尔南
2848,2557,龙丰
2849,2558,龙井
2850,2559,龙伯屯
2851,2560,龙华
2852,2561,龙南
2853,2562,龙嘉
2854,2563,龙塘坝
2855,2564,龙山镇
2856,2565,龙岩
2857,2566,龙川
2858,2567,龙市
2859,2568,龙江
2860,2569,龙池
2861,2570,龙沟
2862,2571,龙泉寺
2863,2572,龙洞堡
2864,2573,龙游
2865,2574,龙爪沟
2866,2575,龙船
2867,2576,龙里北
2868,2577,龙镇
2869,2578,龙门河
2870,2579,龙骨甸
